"","logFC","logCPM","PValue"
"206803_at",0.761690848008037,9.62011617111486,0.386429528412752
"214218_s_at",-0.565800370144068,7.08200843464494,8.48683892229594e-11
"221728_x_at",-0.291485386056851,6.89763923695826,0.000956803604179077
"224588_at",1.48706204001584,6.5265418327657,1.14575203550911e-68
"224589_at",-0.738118519845171,6.49964679456753,1.45117138216956e-09
"224590_at",-0.745126337181357,6.64864379666162,1.82506337252342e-11
"224687_at",4.93910294356084,9.95171135873122,4.11485970533907e-10
"227671_at",1.25020893265418,6.89185371177192,9.17001759850906e-62
